state_name,alc__alcohol_hs,alc__binge_adult,alc__binge_hs,arth__activity_limit_arth,arth__arth_adult,arth__self_mgmt_class_arth,arth__inactive_arth,arth__pa_counsel_arth,arth__severe_joint_pain_arth,arth__work_limit_arth_18_64,asth__asthma_adult,can__screen_cervical_w21_65,can__screen_colorectal_45_75,can__mammo_w50_74,cvd__hbp_adult,cvd__high_chol_screened_adult,cvd__med_high_chol_adult,cvd__med_hbp_adult,copd__copd_adult,copd__smoking_copd_adult,cog__scd_discussed_hcp_45plus,cog__caregiver_friend_family_adult,cog__caregiver_dementia_adult,cog__scd_45plus,dm__diabetes_adult,dm__gest_diabetes_recent_birth,dis__any_disability_adult,hs__chronic2plus_adult,hs__fair_poor_health_adult,hs__phys_distress_freq_adult,imm__flu_vax_adult,imm__flu_vax_risk_18_64,imm__pneumo_vax_risk_18_64,imm__pneumo_vax_65plus,mat__postpartum_check_recent_birth,mh__depression_adult,mh__mental_distress_freq_adult,mh__postpartum_depr_recent_birth,npaw__pa_guideline_6_13,npaw__fruit_lt1_daily_adult,npaw__fruit_lt1_daily_hs,npaw__soda_ge1_daily_hs,npaw__veg_lt1_daily_adult,npaw__veg_lt1_daily_hs,npaw__breastfed_12m,npaw__exclusive_breastfed_6m,npaw__pa_guideline_hs,npaw__pa_guideline_adult,npaw__no_leisure_pa_adult,npaw__obesity_wic_2_4,npaw__obesity_adult,npaw__obesity_hs,oral__all_teeth_lost_65plus,oral__no_teeth_lost_18_64,oral__prev_dental_pre_preg_recent_birth,oral__prev_dental_child_1_17,oral__teeth_lost_6plus_65plus,oral__dentist_visit_past_year_adult,oral__dentist_visit_child_1_17,sleep__short_sleep_adult,sleep__short_sleep_child_4m_14y,sleep__short_sleep_hs,sdoh__food_insecure_household,sdoh__ins_after_preg_recent_birth,sdoh__ins_before_preg_recent_birth,sdoh__hs_completion_18_24,sdoh__no_ins_18_64,sdoh__poverty_lt150_all,sdoh__no_broadband_household,sdoh__routine_checkup_adult,sdoh__unemployment_16plus_lf,tob__smoking_preg_recent_birth,tob__cig_smoking_adult,tob__vape_hs,tob__smokeless_hs,tob__any_tobacco_hs,tob__quit_attempt_adult_smokers
Alabama,14.05,11.375,8.97,19.1,30.900000000000002,16.65,35.55,54.05,43.650000000000006,43.55,13.7,85.7,69.6,77.5,42.7,40.05,48.5,84.1,8.399999999999999,43.06666666666666,42.0,22.7,23.9,14.2,20.1,8.299999999999999,34.85,26.575,24.35,9.775,37.3,36.9,29.1,70.05,87.76666666666667,21.95,18.75,20.400000000000002,24.8,44.35,10.3,19.68,24.95,9.4,24.85,20.4,27.1,49.6,30.15,13.2,36.925,12.600000000000001,20.450000000000003,46.0,33.766666666666666,25.35,41.3,61.3,79.6,44.3,43.65,77.2,13.1,46.53333333333333,72.56666666666666,92.05000000000001,14.575,30.549999999999997,16.6,71.175,6.7,9.466666666666667,16.75,21.2,3.95,25.7,57.45
Alaska,18.75,19.35,9.67,12.0,25.2,17.4,21.55,67.95,23.450000000000003,40.3,11.525,73.3,60.2,67.85,36.75,41.45,28.5,66.85,8.375,34.9,36.9,21.5,21.2,7.4,10.95,19.3,25.675,18.849999999999998,14.4,11.55,42.375,43.125,23.75,57.85,82.65,17.025,13.025,15.65,36.0,45.25,8.36,13.81,17.95,7.5,51.5,31.049999999999997,21.85,52.7,19.625,14.1,33.075,16.28,11.25,60.35,50.2,49.55,41.15,63.0,75.0,35.150000000000006,32.0,77.89,9.5,84.55,83.2,80.35,10.375,26.15,11.6,69.025,6.3,16.7,20.675,23.240000000000002,7.92,30.6,42.15
Arizona,27.9,16.025,12.899999999999999,5.4,25.566666666666666,24.049999999999997,31.299999999999997,61.75,28.299999999999997,41.9,12.7,76.3,50.7,75.85,34.7,37.05,25.5,57.25,6.575,29.76666666666667,39.05,16.9,30.6,12.4,14.8,11.649999999999999,33.175,17.4,18.575,13.775,38.225,35.825,27.325,72.0,88.70000000000002,17.275,17.625,13.290000000000001,17.25,39.9,10.1,14.85,16.75,6.699999999999999,38.599999999999994,24.75,18.2,63.8,27.475,9.2,41.7,12.75,23.0,67.69999999999999,50.28,45.1,28.2,62.400000000000006,82.4,31.8,22.35,82.4,10.1,91.25,89.57999999999998,85.75,11.9,27.65,10.55,71.075,5.3,8.3,15.049999999999999,20.75,2.65,23.55,55.85
Arkansas,26.0,8.4,9.75,11.9,26.899999999999995,14.149999999999999,33.65,71.69999999999999,33.55,53.9,9.625,81.0,59.0,73.15,45.849999999999994,44.3,40.900000000000006,89.1,6.425000000000001,51.833333333333336,46.7,27.8,30.8,12.2,21.975,10.333333333333334,39.45,20.675,28.55,13.850000000000001,34.475,45.3,28.65,71.7,83.93333333333334,29.775,22.5,22.3,24.9,34.400000000000006,13.100000000000001,22.85,21.3,12.45,27.95,22.1,26.2,57.4,35.25,19.1,32.2,18.200000000000003,20.4,61.3,23.866666666666664,44.3,40.9,56.15,76.9,41.0,41.95,76.9,15.0,87.16666666666667,87.59999999999998,90.05000000000001,21.53333333333333,28.5,17.0,68.23333333333333,4.85,9.766666666666667,14.275,10.95,4.8,19.6,53.833333333333336
California,26.39,13.975,7.89,7.35,30.266666666666666,17.75,34.65,70.3,35.4,38.15,10.35,82.9,46.3,73.55000000000001,29.35,30.65,32.7,82.0,5.225,22.400000000000002,39.5,22.6,25.4,7.95,16.075,12.33,30.8,15.924999999999999,15.725,13.175,41.725,45.25,31.549999999999997,61.375,88.48,15.7,14.925,12.970000000000002,22.049999999999997,34.95,6.15,12.15,28.549999999999997,5.499999999999999,45.650000000000006,30.35,19.769999999999996,68.3,17.625,16.4,26.975,14.55,8.15,72.19999999999999,37.18,36.650000000000006,24.15,69.7,80.5,36.15,26.4,72.89,9.6,85.39,80.63000000000001,92.05,13.350000000000001,27.6,8.6,68.425,6.35,5.33,11.075000000000001,20.21,1.1600000000000001,21.54,62.1
Colorado,30.85,18.75,14.0,8.65,29.0,15.7,24.25,65.9,35.0,46.150000000000006,9.45,82.6,54.6,72.05000000000001,16.15,37.900000000000006,27.85,50.15,5.4,27.933333333333334,43.4,19.5,26.1,11.4,7.45,8.533333333333333,22.975,17.25,14.2,9.4,45.0,45.875,30.475,67.65,90.5,20.925,14.55,13.433333333333332,28.25,38.900000000000006,6.35,13.02,25.85,3.9,41.1,30.4,24.8,58.9,17.5,6.9,27.1,11.9,7.25,71.8,35.800000000000004,49.65,37.650000000000006,66.05,85.65,35.3,24.799999999999997,72.45,10.5,91.53333333333335,94.36666666666667,89.55000000000001,15.199999999999998,19.1,7.95,72.03333333333333,5.1,5.033333333333333,12.875,19.049999999999997,5.6,22.82,61.7
Connecticut,27.549999999999997,14.625,7.3,9.7,28.96666666666667,12.45,29.6,66.0,28.799999999999997,46.150000000000006,12.2,87.3,66.8,78.6,25.400000000000002,32.45,32.4,75.6,6.0,30.23333333333333,50.45,16.1,27.4,8.25,11.2,17.466666666666665,23.025,21.5,17.075,12.399999999999999,60.325,50.575,26.125,72.1,90.43333333333334,16.225,16.525,12.166666666666666,25.25,38.150000000000006,8.25,13.77,23.9,8.75,35.55,22.85,26.45,54.4,21.275,16.5,30.075000000000003,12.8,9.05,69.55,42.233333333333334,51.2,24.85,73.3,80.65,42.15,29.1,77.45,9.6,88.0,89.63333333333333,90.4,9.799999999999999,23.849999999999998,9.65,82.7,6.4,2.3666666666666667,10.6,15.149999999999999,2.25,13.5,65.45
Delaware,17.21,16.475,10.009999999999998,11.049999999999999,23.73333333333333,12.25,38.3,70.2,29.05,42.4,9.05,83.2,51.400000000000006,77.75,37.5,44.599999999999994,30.1,59.7,5.9,33.199999999999996,44.5,8.3,28.2,10.1,15.25,17.566666666666666,28.4,21.525,18.075,11.725,47.175,41.25,28.5,68.95,91.43333333333334,14.75,13.55,5.166666666666667,25.1,31.95,7.83,14.43,16.5,8.6,31.2,23.45,21.590000000000003,42.7,23.7,14.8,36.875,16.6,12.9,65.15,30.8,47.5,29.65,67.15,82.3,38.150000000000006,34.900000000000006,82.21000000000001,11.2,97.23333333333333,83.73333333333333,85.8,27.425,24.9,9.25,81.225,4.85,6.6000000000000005,11.675,15.039999999999997,4.5600000000000005,20.94,52.95
District of Columbia,20.299999999999997,19.8,12.15,6.1,8.5,17.15,34.599999999999994,77.7,22.099999999999998,35.65,15.775,86.6,67.7,74.7,24.049999999999997,33.9,29.45,47.3,4.2,29.866666666666664,43.3,19.11632653061224,23.883673469387748,6.8,10.725,5.866666666666667,17.4,15.525,9.475,10.425,59.900000000000006,55.35,26.85,70.125,94.89999999999999,18.125,12.524999999999999,14.533333333333333,19.1,30.25,8.2,14.600000000000001,19.2,7.659999999999999,38.4,28.65,17.25,44.0,16.35,18.7,20.575,12.100000000000001,13.450000000000001,86.95,40.53333333333333,50.95,31.9,67.65,83.15,31.75,18.25,76.1,9.0,98.39999999999999,89.7,95.44999999999999,4.7,14.0,11.25,83.275,5.75,3.766666666666667,12.175,9.75,4.7,21.45,66.55000000000001
Florida,24.9,14.68,14.0,10.82,29.746666666666666,16.46,30.89,70.33,40.25,43.43,8.95,81.6,68.9,76.0,33.69,36.67,29.56,76.11,7.87,36.07333333333333,48.7,20.80816326530612,23.991836734693877,11.0,10.36,11.0,27.195,27.925,16.96,14.41,38.975,38.875,31.67,63.040000000000006,89.4,19.07,15.274999999999999,16.05,26.05,40.36,8.1,15.850000000000001,18.55,12.1,28.9,20.2,22.35,55.6,23.88,13.1,30.630000000000003,14.399999999999999,13.25,53.25,36.75,34.0,30.55,57.849999999999994,82.25,42.55,47.3,81.4,9.9,85.94999999999999,74.15,86.4,19.455,21.3,11.3,79.72,4.55,4.15,17.814999999999998,18.57,5.09,24.94,50.23333333333333
Georgia,30.15,13.325,7.3999999999999995,13.149999999999999,24.0,18.55,24.75,52.9,29.85,43.150000000000006,10.375,40.8,62.55,75.6,19.95,38.85,40.5,78.95,7.625,34.63333333333333,46.35,19.1,24.85,12.55,10.950000000000001,12.799999999999999,32.55,15.2,19.25,13.825,38.875,42.9,22.65,73.025,93.03333333333335,13.575,13.05,11.533333333333333,22.05,40.95,8.85,14.48,19.2,15.2,28.55,17.3,21.55,52.8,27.400000000000002,19.6,32.2,16.7,18.75,50.7,33.86666666666667,36.150000000000006,40.95,59.6,69.5,43.7,41.25,76.27000000000001,9.9,87.0,74.89999999999999,83.7,26.5,15.95,12.5,72.9,7.1,2.6666666666666665,16.35,10.5,1.5,26.650000000000002,56.9
Guam,28.08,15.725,5.680000000000001,3.6500000000000004,11.533333333333333,24.5,41.25,67.0,31.25,44.849999999999994,6.15,71.1,38.35,69.65,22.2,26.349999999999998,37.099999999999994,67.1,4.73,36.23333333333333,45.385,19.190051020408163,23.830141287284142,10.500000000000002,20.125,16.689999999999998,26.275,13.225,19.225,9.15,40.15,31.625,17.700000000000003,32.875,88.03,9.275,12.75,12.649999999999999,26.29423076923077,38.95,9.239999999999998,16.61,28.6,9.5,36.559999999999995,23.619999999999997,19.880000000000003,41.5,31.275000000000002,8.7,33.75,21.33,14.66,57.95,40.89,46.137499999999996,43.5,58.3,80.60288461538461,49.6,34.78365384615385,80.05000000000001,10.315384615384614,90.00999999999999,84.33,87.19,20.866666666666664,22.880000000000003,11.56,75.10000000000001,6.1,3.83,22.225,19.93,7.79,29.5,59.0
Hawaii,16.049999999999997,23.275,10.7,7.45,21.866666666666664,23.0,27.9,63.95,41.8,37.6,8.675,80.6,66.7,82.05,44.5,15.850000000000001,27.45,67.05000000000001,3.8499999999999996,20.633333333333333,37.75,20.15,25.25,9.850000000000001,10.45,13.733333333333334,24.45,13.625,14.775,8.55,45.35,50.474999999999994,25.1,63.0,94.7,14.05,11.925,10.666666666666666,14.8,44.25,9.55,13.5,25.85,9.85,50.7,27.15,16.799999999999997,52.6,17.075,4.8,25.8,20.0,4.85,67.55,16.599999999999998,58.05,18.35,73.44999999999999,88.9,44.05,38.55,74.85,9.1,94.23333333333333,97.83333333333333,93.25,7.366666666666666,12.7,10.25,80.33333333333333,4.75,2.466666666666667,14.3,28.299999999999997,3.0900000000000003,30.96,54.75
Idaho,31.9,11.55,15.450000000000001,10.45,35.0,16.7,33.849999999999994,63.25,24.65,38.650000000000006,10.975,77.6,60.55,68.55,31.75,25.7,34.8,63.150000000000006,11.125,30.96666666666667,46.05,22.9,28.2,10.05,12.825,11.100000000000001,32.6,18.6,13.775,13.15,40.45,45.0,29.75,65.725,88.2,20.575,15.075,13.74,30.65,44.65,7.0,7.6,16.35,3.3499999999999996,40.55,30.75,17.2,56.7,20.675,10.5,35.275,13.25,12.65,73.7,39.480000000000004,59.25,27.6,69.0,84.1,38.1,28.9,78.96000000000001,9.8,87.47,81.41999999999999,87.65,23.575,24.05,10.55,74.15,3.25,6.470000000000001,21.65,25.95,2.65,20.5,51.35
Illinois,23.35,16.375,8.700000000000001,5.9,13.933333333333332,15.450000000000001,27.9,69.05,34.900000000000006,39.4,9.175,66.7,59.25,73.44999999999999,36.2,23.35,27.900000000000002,81.30000000000001,6.3,31.2,43.8,19.9,29.1,6.9,10.075,13.466666666666667,22.25,13.575,14.95,11.975,47.35,47.175,30.075000000000003,64.17500000000001,92.03333333333335,15.649999999999999,12.475,12.1,26.15,33.95,8.8,13.55,18.5,7.3,35.15,27.200000000000003,16.75,56.0,33.15,13.0,36.9,15.45,15.6,76.55000000000001,42.86666666666667,36.8,28.450000000000003,65.65,80.55,41.4,32.75,77.8,9.4,89.43333333333334,88.96666666666665,89.0,11.799999999999999,28.25,12.05,75.06666666666666,10.6,1.9333333333333333,11.25,15.399999999999999,3.6999999999999997,7.6499999999999995,55.9
Indiana,22.130000000000003,18.9,13.600000000000001,10.7,27.599999999999998,15.45,39.15,71.19999999999999,36.2,44.3,11.425,81.2,61.599999999999994,72.3,26.05,26.950000000000003,31.049999999999997,86.35,11.125,41.76666666666667,46.900000000000006,26.0,19.7,11.0,13.875,11.35,26.15,21.775,20.175,13.325,46.35,36.125,29.5,69.55,86.35999999999999,20.275,15.375,14.120000000000001,30.099999999999998,35.849999999999994,8.040000000000001,17.34,20.95,9.459999999999999,28.950000000000003,22.2,20.979999999999997,47.5,29.45,10.8,37.675,21.07,19.0,69.65,38.07000000000001,41.0,31.5,64.45,82.4,37.75,34.900000000000006,82.34,9.7,83.38999999999999,81.72,88.05,13.425,21.75,13.25,85.8,3.95,6.510000000000001,18.35,19.33,4.9399999999999995,18.860000000000003,49.2
Iowa,26.55,21.075,8.7,8.65,21.633333333333336,16.1,29.95,64.05,28.950000000000003,34.1,10.525,84.8,65.2,74.25,32.7,36.15,21.4,88.25,6.0,37.333333333333336,40.400000000000006,7.7,18.9,10.5,10.85,7.8,20.55,14.575,17.45,9.325,44.4,46.775,34.975,75.75,84.3,18.4,11.850000000000001,12.25,34.1,42.9,8.25,14.8,34.3,8.05,37.400000000000006,26.0,19.45,50.6,24.575,20.0,40.3,14.149999999999999,10.25,69.75,54.1,42.7,30.8,56.4,88.0,33.3,29.45,78.5,7.0,78.6,74.65,89.0,8.275,16.8,13.75,66.675,5.95,4.45,12.799999999999999,29.4,2.9,16.0,48.35
Kansas,25.1,16.475,16.0,12.600000000000001,14.266666666666666,18.85,40.25,65.35,41.05,51.6,11.5,88.3,62.05,69.94999999999999,38.15,36.4,33.7,41.95,6.625,26.933333333333334,47.9,15.7,21.1,11.3,15.65,10.5,27.9,21.1,19.6,11.625,51.25,41.2,28.75,63.325,89.89999999999999,17.6,17.35,14.166666666666666,30.1,45.3,7.15,13.9,20.95,7.75,37.95,25.7,14.1,52.2,25.85,15.1,36.55,17.55,12.35,59.699999999999996,43.06666666666666,46.599999999999994,30.85,62.599999999999994,68.0,37.0,31.55,79.15,10.2,83.46666666666665,73.63333333333334,86.35,15.425,18.0,12.7,65.85,3.55,6.066666666666666,17.075,8.95,5.699999999999999,20.65,55.650000000000006
Kentucky,24.85,11.850000000000001,5.95,13.649999999999999,29.53333333333333,12.55,39.75,64.3,36.4,52.650000000000006,10.825,83.8,68.05,72.9,45.35,33.4,38.349999999999994,64.85,11.675,48.63333333333333,39.1,20.6,22.4,10.6,15.675,18.3,41.65,27.05,27.4,17.475,45.675,39.475,34.35,68.42500000000001,91.0,27.325,19.975,18.8,29.9,43.55,10.149999999999999,26.65,26.85,10.65,32.8,20.549999999999997,21.3,41.3,33.825,21.5,38.225,17.6,22.65,64.25,43.4,38.4,45.3,59.85,84.05,39.75,41.25,80.85,12.3,84.55,70.25,89.19999999999999,7.425,30.15,14.6,72.725,5.65,14.5,20.125,30.299999999999997,1.7999999999999998,15.1,48.13333333333333
Louisiana,27.2,23.55,8.45,10.4,16.7,14.95,38.25,69.45,45.6,47.7,10.5,82.2,65.75,88.3,30.2,39.6,25.35,80.8,7.824999999999999,48.56666666666666,45.9,27.7,22.8,13.8,17.825,11.866666666666667,36.3,22.125,24.0,14.825000000000001,37.575,39.875,32.1,69.15,85.26666666666667,28.875,16.125,14.466666666666669,21.85,53.45,14.15,16.9,25.15,13.0,24.15,20.85,23.549999999999997,43.6,29.65,20.1,38.575,20.0,18.9,57.45,37.300000000000004,33.900000000000006,36.150000000000006,59.35,84.19999999999999,33.9,47.9,81.80000000000001,14.5,78.5,89.2,88.55000000000001,11.633333333333333,23.3,17.05,77.36666666666666,6.050000000000001,5.366666666666667,20.25,17.45,5.0,34.35,58.55
Maine,21.35,17.075,10.36,20.25,34.0,13.649999999999999,32.15,69.3,33.25,39.95,14.55,85.4,71.5,79.4,36.75,23.4,40.0,68.1,8.0,37.666666666666664,51.85,17.35,25.15,8.7,12.925,10.433333333333334,38.825,35.45,20.2,10.05,44.075,50.6,31.575000000000003,71.925,87.60000000000001,25.825,11.8,10.666666666666666,37.6,43.2,5.1,16.33,11.899999999999999,11.24,41.45,30.549999999999997,23.950000000000003,49.0,26.525,14.8,36.85,18.5,15.850000000000001,63.25,36.666666666666664,47.45,33.85,46.900000000000006,79.4,33.1,28.15,76.94,9.5,94.2,88.96666666666665,88.15,10.174999999999999,46.85,13.149999999999999,70.5,4.25,8.266666666666666,16.675,13.2,2.6500000000000004,22.9,54.150000000000006
Maryland,25.55,12.425,11.149999999999999,11.75,30.099999999999998,12.45,25.9,78.25,34.650000000000006,36.35,10.05,71.5,66.19999999999999,83.55000000000001,33.4,36.65,44.5,60.650000000000006,5.625,36.26666666666667,45.0,16.1,25.3,11.1,14.825,14.3,23.224999999999998,12.325,12.275,7.325,51.474999999999994,53.25,33.375,72.475,89.75,16.9,8.575,13.4,24.75,37.5,9.85,13.05,16.7,9.55,42.65,25.799999999999997,17.8,50.4,20.174999999999997,17.0,27.15,14.75,7.75,68.5,43.75,48.3,27.4,65.9,87.0,37.0,43.55,77.83000000000001,8.7,96.85,90.3,92.2,21.733333333333334,17.35,9.55,75.0,5.65,2.5,16.325,16.55,8.05,17.0,51.650000000000006
Massachusetts,18.35,15.875,19.299999999999997,8.15,29.366666666666664,14.149999999999999,29.4,69.1,23.950000000000003,34.4,13.225,82.6,57.3,83.69999999999999,14.85,44.35,42.4,56.65,4.4,28.433333333333334,45.385,12.9,26.1,10.500000000000002,10.475,10.966666666666667,31.075,15.25,17.975,12.825,56.925,52.025000000000006,31.825,69.425,90.7,19.725,13.05,11.4,23.55,39.650000000000006,9.15,9.05,18.450000000000003,9.25,44.45,27.1,17.95,60.9,19.7,17.1,25.825,20.35,10.100000000000001,73.0,53.56666666666666,47.25,29.35,65.15,91.6,40.45,26.2,80.25,8.4,99.5,96.13333333333333,91.5,7.675,14.649999999999999,9.45,78.875,6.199999999999999,2.733333333333333,11.95,17.6,2.51,50.3,52.85
Michigan,19.0,9.875,9.8,14.7,32.03333333333333,15.75,29.35,68.75,35.849999999999994,41.95,14.925,90.5,67.0,75.5,39.0,27.45,34.2,79.65,9.725,37.06666666666666,52.45,21.4,23.3,10.95,13.675,10.133333333333333,23.5,17.6,19.575,12.65,35.05,48.575,28.6,72.4,91.66666666666667,22.95,17.05,16.066666666666666,33.95,39.95,8.2,10.6,20.799999999999997,8.05,33.8,24.5,21.5,51.7,23.9,13.1,35.725,21.85,11.7,74.75,36.766666666666666,39.5,29.9,58.349999999999994,82.2,37.599999999999994,38.55,87.1,11.4,96.13333333333333,95.76666666666667,85.95,10.2,14.6,12.1,72.3,4.95,6.233333333333334,18.75,22.15,5.7,22.85,57.45
Minnesota,27.749999999999996,19.674999999999997,8.0,8.65,19.5,26.5,28.25,67.15,23.65,38.5,10.1,82.2,51.0,72.7,27.9,27.5,32.7,81.3,8.425,32.06666666666667,41.8,10.8,24.0,7.6,11.175,10.799999999999999,22.675,7.975,11.25,9.025,54.75,48.3,26.575000000000003,73.325,85.56666666666666,20.375,12.825,16.833333333333332,26.35,37.45,7.580000000000001,14.85,23.8,9.120000000000001,48.2,34.5,20.35,58.0,21.775,14.8,26.35,17.62,8.5,77.25,41.266666666666666,69.0,22.5,63.3,82.75,26.75,27.6,75.22999999999999,7.4,92.16666666666667,82.56666666666666,83.15,11.35,29.2,10.45,63.4,6.45,16.933333333333334,9.15,21.799999999999997,3.1400000000000006,21.68,43.775
Mississippi,21.55,10.45,7.5,13.65,46.43333333333334,9.75,43.1,66.55000000000001,47.35,46.400000000000006,9.75,86.9,60.0,74.65,50.35,41.65,45.75,73.05,10.375,42.166666666666664,43.1,28.3,18.7,12.9,14.85,8.700000000000001,38.775,29.175,19.65,14.275,34.875,34.275,24.6,65.975,87.06666666666666,18.7,15.325,22.766666666666666,30.45,49.15,11.899999999999999,23.15,22.4,18.950000000000003,24.35,16.95,22.65,42.6,32.95,13.4,41.7,23.200000000000003,22.15,47.65,28.400000000000002,36.45,38.65,34.95,81.8,33.900000000000006,45.45,77.55,15.3,78.46666666666665,77.60000000000001,81.85,17.525,29.9,20.55,80.8,9.45,11.799999999999999,20.5,22.45,7.1,20.95,55.675
Missouri,22.450000000000003,23.45,16.15,16.1,45.833333333333336,14.3,29.7,65.05,33.55,43.5,11.925,84.6,62.099999999999994,74.55,38.0,27.8,43.8,81.35,8.125,38.666666666666664,49.1,24.5,24.2,11.1,11.1,7.933333333333334,37.625,27.05,15.875,18.224999999999998,48.375,43.025000000000006,31.575,73.1,81.10000000000001,18.9,18.7,18.8,32.5,45.75,6.550000000000001,18.5,19.3,9.7,35.25,25.950000000000003,27.450000000000003,40.2,24.25,12.7,38.05,20.85,17.75,55.65,28.866666666666664,49.25,42.05,52.9,78.6,31.2,32.45,80.8,12.0,82.89999999999999,74.66666666666667,88.44999999999999,15.299999999999999,29.15,13.3,79.65,4.2,6.666666666666667,18.65,19.55,2.9,21.75,53.23333333333333
Montana,29.6,27.425,19.15,10.75,37.7,16.7,32.45,61.25,22.85,40.3,12.725,81.9,63.0,71.25,28.25,39.75,39.3,84.4,7.3,37.9,45.385,19.190051020408163,23.830141287284142,10.500000000000002,10.7,9.366666666666667,35.25,16.95,22.675,13.75,43.375,46.775,34.35,68.6,79.60000000000001,27.05,13.475000000000001,13.633333333333333,35.5,40.2,4.35,12.45,20.0,9.649999999999999,42.0,32.75,14.35,61.5,20.225,10.8,30.174999999999997,13.55,24.25,66.95,33.4,39.9,29.65,59.25,84.9,32.8,24.4,70.75,10.4,95.5,88.73333333333335,88.8,9.1,20.9,13.55,78.2,9.0,16.166666666666668,19.45,27.3,4.05,30.75,43.275
Nebraska,17.75,17.525,7.65,5.949999999999999,26.53333333333333,14.15,44.8,64.4,36.05,37.849999999999994,7.9,78.1,39.8,76.25,30.849999999999998,42.15,28.3,49.550000000000004,7.975,36.199999999999996,55.3,18.1,16.3,8.2,11.075,12.233333333333334,32.225,17.8,13.95,10.35,48.25,51.35,31.875,73.1,88.36666666666667,14.925,12.274999999999999,22.03333333333333,22.2,42.150000000000006,7.65,16.4,20.549999999999997,6.4,38.8,27.7,21.75,51.4,21.25,18.2,37.0,14.5,10.55,70.6,39.06666666666667,55.55,36.400000000000006,66.55,86.85,28.8,48.65,72.1,10.6,77.23333333333333,83.66666666666667,92.4,13.4,26.9,11.850000000000001,66.43333333333334,8.35,9.5,18.35,15.799999999999999,2.6500000000000004,15.25,51.666666666666664
Nevada,17.1,16.5,9.35,3.55,32.63333333333333,17.2,33.7,65.2,42.65,37.0,9.675,82.9,63.650000000000006,68.6,47.8,33.4,41.900000000000006,81.15,10.925,33.96666666666667,40.45,15.5,25.4,11.5,13.775,10.25,33.6,23.775,20.275,18.1,35.725,32.4,24.85,62.25,89.27000000000001,16.400000000000002,16.475,14.35,15.75,41.7,10.67,10.6,24.9,8.18,29.55,23.4,18.200000000000003,45.7,27.825,9.5,33.275,16.25,12.3,61.6,40.13,48.35,27.6,59.25,83.05,32.650000000000006,33.65,78.1,10.2,84.94,87.78,86.1,15.825,19.75,12.0,69.15,6.1499999999999995,7.729999999999999,14.35,21.450000000000003,3.45,26.32,52.650000000000006
New Hampshire,31.4,15.125,18.65,11.05,25.7,17.2,29.95,63.85,24.35,37.7,12.075,86.7,67.0,79.9,24.5,27.4,22.4,78.05,8.225,35.666666666666664,50.4,18.2,14.2,7.4,11.15,8.95,30.825000000000003,20.75,13.95,11.025,48.175,53.125,36.425,72.6,84.4,32.75,11.4,10.75,30.950000000000003,38.9,6.89,8.9,16.3,7.459999999999999,41.4,32.85,25.65,59.4,20.325,15.5,32.05,13.6,10.25,68.25,54.3,43.599999999999994,28.049999999999997,60.599999999999994,92.80000000000001,28.8,29.2,79.35,5.4,97.05,92.75,88.5,8.475,11.5,9.100000000000001,78.425,7.1499999999999995,6.1,17.2,25.55,4.06,27.040000000000003,48.05
New Jersey,31.25,15.695,16.85,5.08,27.586666666666662,12.61,31.299999999999997,66.03999999999999,30.009999999999998,35.900000000000006,9.99,87.6,61.150000000000006,76.44999999999999,36.95,35.76,36.72,74.37,7.455,35.86666666666667,45.385,19.7,14.6,10.500000000000002,9.629999999999999,10.833333333333334,25.775,18.770000000000003,15.815000000000001,12.305,45.839999999999996,43.91,24.150000000000002,67.255,90.10000000000001,15.405,12.605,18.033333333333335,19.95,35.14,6.6000000000000005,4.7,22.17,6.62,36.25,24.3,17.75,51.86,23.33,11.7,32.6,19.9,9.0,59.8,38.26666666666667,44.400000000000006,27.950000000000003,68.85,71.6,34.45,29.900000000000002,87.6,8.3,82.83333333333333,84.23333333333333,91.4,14.704999999999998,14.15,9.4,80.455,7.05,2.266666666666667,16.27,26.6,3.32,25.880000000000003,56.833333333333336
New Mexico,25.45,17.325,14.399999999999999,10.1,28.233333333333334,16.2,26.950000000000003,70.25,28.7,48.0,11.9,76.4,59.8,76.85,33.35,44.45,22.35,82.5,7.025,33.266666666666666,45.1,25.0,21.3,12.0,16.225,13.333333333333334,29.65,14.2,19.35,15.475,44.775,45.825,30.0,72.3,84.60000000000001,17.4,14.175,13.6,27.25,40.1,9.95,19.35,25.049999999999997,9.65,43.8,31.05,21.3,57.4,23.65,18.8,35.125,17.95,13.05,55.75,41.699999999999996,52.099999999999994,32.15,67.25,85.2,31.6,40.45,72.0,11.5,96.36666666666667,90.2,70.5,9.025,36.2,18.25,63.9,6.5,6.166666666666667,19.8,31.65,5.4,25.6,54.45
New York,15.55,11.075000000000001,13.4,12.45,20.400000000000002,12.600000000000001,28.150000000000002,64.55,30.0,41.8,11.025,87.6,63.85,80.75,33.9,33.5,50.35,76.65,5.925,36.36666666666667,45.1,18.549999999999997,23.35,8.600000000000001,11.4,21.233333333333334,25.9,12.774999999999999,14.55,11.275,47.95,46.625,25.275,54.7,84.36666666666666,15.4,12.525,13.6,20.45,37.75,8.07,12.5,28.75,9.86,37.25,22.5,17.45,42.3,28.325,13.1,33.75,16.2,13.8,66.9,32.5,43.3,41.099999999999994,58.15,77.35,37.65,43.5,81.0,10.3,99.0,81.03333333333333,91.55000000000001,6.666666666666667,21.8,11.649999999999999,84.33333333333333,6.1000000000000005,3.1999999999999997,16.075,25.45,4.8,20.130000000000003,54.275
North Carolina,17.9,10.3,9.75,14.15,30.633333333333336,15.25,33.9,74.05,46.65,38.7,10.325,86.5,64.35,77.55000000000001,25.1,45.3,30.6,80.7,4.775,42.5,55.4,18.2,23.5,7.2,9.45,8.0,31.575,28.25,21.25,12.475,39.5,41.075,25.049999999999997,75.175,86.47,20.825,18.825,10.18,19.1,39.849999999999994,7.3,17.45,18.4,11.600000000000001,32.75,22.6,18.0,34.7,26.825,12.0,33.075,17.1,16.5,54.3,25.75,43.05,34.35,66.94999999999999,81.85,26.85,34.349999999999994,83.25,10.9,86.08000000000001,83.6,88.75,17.025,14.05,13.0,82.325,8.05,5.41,14.8,23.0,4.67,25.76,57.8
North Dakota,28.7,16.575,10.2,6.75,31.899999999999995,12.95,27.25,63.400000000000006,21.35,34.1,10.65,82.3,65.7,77.05,29.05,29.799999999999997,33.5,82.65,6.6,34.43333333333333,28.6,16.3,25.6,8.1,15.725000000000001,10.2,30.975,16.8,13.275,10.225,50.875,44.05,34.625,71.925,90.33333333333333,20.75,9.4,14.733333333333334,32.75,43.3,5.2,13.2,23.95,7.65,32.3,27.9,25.75,56.2,25.225,25.9,36.1,28.8,11.15,77.05,44.26666666666667,50.7,31.7,65.25,76.30000000000001,33.650000000000006,33.45,84.44999999999999,7.7,86.26666666666667,83.26666666666667,91.65,9.333333333333334,36.5,13.55,67.33333333333333,1.55,7.0,18.275,23.450000000000003,3.15,33.150000000000006,47.65
Ohio,21.85,20.9,9.85,11.1,23.066666666666666,15.2,36.95,63.65,33.849999999999994,45.9,14.5,90.2,64.85,76.1,39.6,36.05,32.55,67.95,10.4,49.166666666666664,51.5,21.9,20.6,10.05,16.575,12.41,28.0,25.775,16.925,16.775,43.625,43.55,33.1,71.575,85.02000000000001,24.775,15.525,16.15,28.45,34.0,10.2,16.9,20.0,7.55,33.400000000000006,23.75,24.950000000000003,59.9,29.275,13.3,29.3,15.45,15.8,59.3,33.989999999999995,34.05,43.25,64.9,81.55,39.25,38.4,78.95,10.8,79.33,78.39000000000001,87.3,11.700000000000001,27.9,12.85,77.63333333333333,4.4,8.06,20.2,24.65,5.2,24.75,55.9
Oklahoma,14.299999999999999,11.925,13.2,17.7,35.46666666666667,18.0,36.05,67.25,45.45,49.099999999999994,11.95,81.3,58.3,66.15,28.45,37.15,38.7,74.1,11.225,37.43333333333333,48.55,15.5,25.5,14.05,11.55,12.753333333333332,28.875,16.7,21.049999999999997,13.825,46.974999999999994,37.25,29.799999999999997,70.7,88.82666666666667,24.7,17.5,15.393333333333333,27.4,43.3,9.45,20.55,20.0,8.7,28.2,22.75,29.35,33.3,28.075,11.9,38.2,15.3,19.1,58.5,29.486666666666665,49.5,56.0,60.2,79.6,34.5,40.6,76.25,13.8,86.15333333333335,70.84,84.9,14.100000000000001,25.35,14.25,75.93333333333334,5.550000000000001,7.099999999999999,19.675,22.200000000000003,6.0,16.75,56.65
Oregon,26.11,14.35,12.33,11.1,32.73333333333333,18.950000000000003,24.049999999999997,67.45,31.75,43.8,11.575,84.3,54.050000000000004,78.55000000000001,32.5,31.9,24.2,52.15,6.55,32.9,49.3,23.3,27.55,10.35,12.475,17.2,32.9,13.25,18.674999999999997,14.625,42.85,49.675,36.1,73.725,86.5,22.025,20.225,18.733333333333334,25.0,44.75,7.65,12.77,17.45,7.6,44.5,33.05,20.240000000000002,56.7,23.275,16.0,32.725,16.59,11.15,69.55,32.06666666666667,46.75,29.8,64.35,84.2,27.15,32.85,79.17999999999999,10.3,87.76666666666667,92.23333333333333,84.8,16.900000000000002,27.549999999999997,9.65,74.39999999999999,5.050000000000001,5.333333333333333,17.35,17.099999999999998,5.289999999999999,32.62,55.73333333333333
Pennsylvania,34.9,10.4,9.8,10.3,30.099999999999998,13.0,32.5,68.85,30.15,35.5,11.225,91.3,57.0,76.5,31.65,21.0,42.65,81.8,8.15,38.13333333333333,47.6,19.799999999999997,28.1,11.0,14.15,11.833333333333334,28.0,19.075,12.675,12.55,43.2,47.925000000000004,29.825000000000003,69.625,88.0,17.375,14.5,8.5,32.55,34.25,7.35,10.55,20.95,9.25,35.150000000000006,23.9,15.2,52.3,29.275000000000002,12.5,35.0,17.75,13.8,65.6,27.599999999999998,51.95,35.15,68.05,66.2,37.6,36.4,81.6,9.2,96.36666666666667,91.09999999999998,89.3,9.666666666666666,21.85,12.95,73.60000000000001,5.65,10.299999999999999,14.8,14.15,3.05,24.200000000000003,52.300000000000004
Puerto Rico,19.2,15.225000000000001,16.2,9.05,19.400000000000002,7.8999999999999995,56.85,69.6,57.3,43.0,11.575,82.5,62.95,80.9,59.7,57.85,50.2,56.55,5.1,13.733333333333334,56.0,7.2,30.0,6.7,13.649999999999999,8.933333333333332,48.775,21.375,38.15,17.85,30.599999999999998,26.950000000000003,17.175,33.55,82.76666666666667,17.275,12.85,12.1,26.29423076923077,53.05,12.8,24.4,45.4,14.6,40.0,37.150000000000006,11.55,30.5,47.65,12.0,29.700000000000003,17.799999999999997,14.4,58.75,46.166666666666664,46.137499999999996,48.6,62.55,80.60288461538461,37.8,34.78365384615385,66.85,10.315384615384614,97.93333333333334,94.33333333333333,87.03999999999999,6.125,26.369999999999997,13.650000000000002,79.9,5.41,0.8666666666666667,7.6,9.0,4.2,13.5,55.55
Rhode Island,21.75,16.85,7.9,10.65,26.433333333333334,12.8,31.7,71.05,38.2,39.9,13.7,88.9,68.0,87.15,35.7,32.65,44.05,59.55,7.15,37.06666666666667,49.0,13.3,22.6,10.8,13.5,10.13,24.05,23.0,18.875,12.05,43.8,56.5,30.049999999999997,72.225,88.87,26.175,12.875,13.55,33.9,35.150000000000006,7.4,13.36,23.35,11.1,36.4,23.4,17.85,56.1,23.65,8.4,32.275,18.75,18.0,59.550000000000004,33.2,37.7,28.45,67.0,86.8,33.1,30.599999999999998,80.75,8.4,97.78999999999999,93.11,90.95,7.325,18.8,10.85,86.475,8.2,4.9399999999999995,12.15,25.5,1.2,24.75,61.575
South Carolina,17.65,17.15,11.6,14.45,21.5,16.3,32.55,70.55,42.2,42.35,10.4,80.9,62.95,79.15,37.55,47.25,44.45,67.5,8.45,40.5,49.2,25.9,25.2,12.3,20.175,13.010000000000002,30.0,27.2,19.925,12.65,46.05,39.85,27.549999999999997,68.1,89.18,18.4,14.65,14.260000000000002,23.35,45.7,10.85,12.85,17.05,8.9,30.1,23.6,19.6,53.8,26.025,18.1,35.125,22.15,19.95,62.3,33.870000000000005,43.95,34.25,56.75,82.25,35.7,35.8,81.55000000000001,12.6,82.94,80.57,85.75,15.25,25.799999999999997,14.850000000000001,76.95,5.300000000000001,5.58,13.275,17.5,3.6999999999999997,23.0,58.3
South Dakota,23.7,20.15,13.1,7.8,32.03333333333333,20.1,33.9,68.44999999999999,22.450000000000003,36.849999999999994,8.925,86.3,58.6,63.55,36.8,21.75,38.25,88.69999999999999,5.95,42.166666666666664,39.1,10.3,23.0,9.3,11.375,8.766666666666666,30.925000000000004,17.15,14.2,10.225,44.525,50.6,27.975,71.625,81.16666666666667,16.025,8.875,14.799999999999999,28.55,37.05,6.25,13.25,19.35,9.3,39.4,30.1,26.0,44.4,25.3,15.3,35.575,12.600000000000001,13.9,62.0,37.800000000000004,48.3,25.450000000000003,70.45,84.6,32.9,31.6,74.19999999999999,8.7,82.23333333333333,87.89999999999999,85.35,11.533333333333333,37.25,13.600000000000001,76.93333333333334,1.5,10.700000000000001,12.075,18.450000000000003,3.95,26.3,62.7
Tennessee,18.15,15.225,8.5,14.2,27.433333333333334,20.65,40.25,69.6,42.55,49.099999999999994,13.975,83.7,63.5,78.6,38.45,34.8,37.2,85.45,8.5,45.800000000000004,43.45,22.05816326530612,25.691836734693872,19.35,18.475,12.266666666666666,34.075,30.425,21.125,12.575,38.775,44.225,31.175,70.15,86.3,27.525,17.5,16.2,22.9,41.8,10.45,24.1,18.7,11.9,33.1,23.75,21.4,49.9,31.875,14.1,42.375,22.4,18.45,68.8,24.0,32.2,37.8,58.45,80.2,35.55,43.65,82.3,11.2,62.333333333333336,69.5,87.15,11.625,25.900000000000002,14.45,72.075,5.949999999999999,8.299999999999999,22.2,20.7,5.85,24.2,55.25
Texas,23.99,15.85,15.9,12.3,20.633333333333333,15.2,31.35,66.6,35.85,50.900000000000006,9.875,81.3,67.65,77.15,38.5,36.2,42.849999999999994,69.7,3.35,30.833333333333332,34.55,27.95,22.3,13.05,9.6,14.879999999999999,28.575,13.55,17.075,10.875,42.275,45.45,26.900000000000002,64.65,85.06,18.775,14.675,15.45,18.7,38.349999999999994,6.75,23.25,24.15,14.8,35.849999999999994,23.7,31.95,65.1,26.75,16.4,37.75,11.149999999999999,14.65,62.4,35.06,46.75,32.1,53.2,78.55,35.35,38.849999999999994,74.5,13.7,89.93,81.97999999999999,86.85,21.275,20.25,11.8,74.15,6.949999999999999,5.88,12.4,19.05,4.15,19.75,52.45
United States,27.4,18.55,4.75,8.95,25.566666666666666,15.45,31.450000000000003,68.6,30.75,40.3,11.175,81.8,63.849999999999994,77.1,25.0,27.0,34.65,59.099999999999994,5.8,32.13333333333333,49.2,22.450000000000003,21.049999999999997,11.55,13.325,14.5,29.349999999999998,26.05,20.575,10.925,50.225,45.55,28.475,70.525,80.3,21.15,12.375,14.933333333333332,24.6,37.6,8.45,15.149999999999999,21.5,8.1,34.8,25.65,20.200000000000003,50.9,26.525,11.82,33.9,13.600000000000001,13.05,61.65,28.266666666666666,40.2,30.25,61.85,80.1,30.400000000000002,34.05,75.80000000000001,10.4,93.73333333333333,80.33333333333333,86.85,10.375,33.55,11.75,77.8,5.95,7.333333333333333,15.325,21.85,9.299999999999999,27.450000000000003,55.56666666666666
Utah,10.5,16.25,4.5,8.05,27.2,16.05,15.95,68.65,23.75,37.349999999999994,10.375,76.2,62.3,68.15,38.75,38.6,33.0,46.849999999999994,3.85,19.900000000000002,43.8,18.299999999999997,21.700000000000003,11.25,7.775,13.200000000000001,24.475,22.0,12.475,11.725,47.375,48.325,28.225,72.025,86.96666666666665,28.375,16.05,18.0,16.45,33.0,5.0,14.2,19.6,5.65,44.1,26.950000000000003,19.549999999999997,56.4,19.25,5.9,31.925,14.75,8.8,73.25,50.76666666666667,60.35,33.75,71.55,87.8,28.85,30.35,83.85,11.2,84.66666666666667,83.86666666666667,93.55,10.725,17.0,8.0,73.475,3.2,3.7999999999999994,9.85,9.75,1.75,11.35,58.475
Vermont,27.15,14.925,15.0,11.149999999999999,37.36666666666667,14.600000000000001,29.6,62.55,28.35,36.650000000000006,11.95,83.3,65.75,75.1,21.15,25.25,24.45,59.75,6.475,41.800000000000004,53.95,17.6,15.9,7.95,9.225000000000001,8.433333333333334,36.7,22.25,13.425,9.575,49.75,49.400000000000006,31.650000000000002,69.35,93.23333333333333,27.475,11.375,10.066666666666666,32.65,36.55,6.050000000000001,12.510000000000002,17.25,6.25,52.3,34.7,24.0,61.8,26.9,15.0,26.325,16.35,14.15,64.0,54.86666666666667,47.0,31.45,66.25,85.8,27.5,24.1,79.25,7.9,97.53333333333335,94.23333333333333,92.85,6.575,16.65,13.5,67.625,3.7,10.533333333333333,15.0,20.700000000000003,3.3499999999999996,17.95,49.0
Virgin Islands,24.4,13.526666666666666,9.4,6.1,13.149999999999999,17.660000000000004,35.2,75.2,42.1,51.4,8.379999999999999,83.78,47.86,73.34,28.7,60.7,27.5,72.3,5.006666666666667,35.65,45.385,19.190051020408163,23.830141287284142,10.500000000000002,17.366666666666667,10.96,34.626666666666665,14.686666666666667,19.82,12.433333333333332,28.953333333333337,31.3,25.41333333333333,37.71333333333333,86.34,10.093333333333334,9.819999999999999,15.4,26.29423076923077,36.2,10.7,17.34,32.2,9.183333333333334,39.4,27.04,23.159999999999997,51.62333333333333,23.653333333333336,14.6,31.853333333333335,19.52,16.009999999999998,58.23,36.82000000000001,46.137499999999996,38.59,58.24,80.60288461538461,37.629999999999995,34.78365384615385,78.02000000000001,10.315384615384614,83.16,84.7,89.32000000000001,18.099999999999998,22.82,10.1,75.53333333333333,7.9,7.040000000000001,10.913333333333334,23.68,2.96,23.295925925925925,55.14
Virginia,17.549999999999997,10.024999999999999,7.8,12.65,45.666666666666664,17.85,28.15,71.30000000000001,37.75,44.0,10.125,85.0,60.65,85.75,34.45,37.75,36.2,63.65,8.625,36.199999999999996,45.75,21.95,26.3,10.100000000000001,23.8,11.766666666666666,28.975,16.95,14.95,9.825,49.675,42.725,33.725,74.025,87.73333333333333,15.3,14.225,12.0,19.15,39.8,4.9,19.7,16.8,10.16,39.8,26.4,28.049999999999997,47.4,25.475,13.0,33.35,16.65,11.65,70.3,27.366666666666664,54.95,38.15,73.94999999999999,76.44999999999999,36.5,45.9,76.44999999999999,7.8,69.86666666666666,79.13333333333334,91.35,10.833333333333334,24.3,11.25,76.39999999999999,3.8,0.7000000000000001,10.525,22.35,2.4,21.3,58.25
Washington,27.1,16.775,10.32,7.6,22.166666666666668,21.0,25.200000000000003,66.55,21.200000000000003,39.85,10.75,81.1,53.95,68.25,28.0,33.75,33.6,70.55000000000001,6.0,33.199999999999996,47.8,21.9,23.5,11.6,9.350000000000001,11.966666666666667,25.549999999999997,10.35,17.55,14.325,45.55,52.15,37.825,70.6,91.66666666666667,25.275,14.200000000000001,12.299999999999999,29.25,33.9,6.76,14.89,18.9,6.76,48.25,30.7,20.14,51.2,21.275,12.9,29.65,14.8,9.3,69.2,33.36666666666667,56.8,29.0,59.1,83.45,39.25,29.450000000000003,74.65,7.9,98.43333333333334,78.93333333333334,90.2,9.0,16.85,7.6499999999999995,68.625,7.4,4.0,10.15,20.730000000000004,4.6,27.46,52.425
West Virginia,26.2,13.625,16.65,18.65,34.03333333333333,12.3,43.0,60.4,37.8,44.8,13.25,84.3,62.05,76.85,31.55,33.400000000000006,47.0,87.05,15.799999999999999,56.9,54.8,18.6,23.6,15.5,13.5,8.459999999999999,34.875,39.825,23.375,16.55,41.525,35.925,31.45,73.15,90.94,36.05,15.225,16.746666666666666,31.299999999999997,48.099999999999994,9.2,26.05,18.450000000000003,6.9,24.85,18.6,22.45,48.0,30.625,15.6,41.8,23.1,24.1,59.55,32.473333333333336,53.45,48.25,53.650000000000006,57.95,44.150000000000006,44.9,85.6,14.0,86.86666666666666,88.75999999999999,89.0,7.7,25.45,17.25,79.1,5.05,12.840000000000002,20.85,33.2,10.5,32.35,48.699999999999996
Wisconsin,26.4,22.15,10.600000000000001,7.05,24.866666666666664,19.0,27.700000000000003,71.85,24.35,39.25,18.6,84.5,61.05,84.9,25.05,26.7,28.2,85.2,8.925,30.96666666666667,41.7,21.5,30.3,9.899999999999999,10.075,14.566666666666668,33.775,27.15,16.575,18.2,43.8,56.325,36.925,74.85,86.60000000000001,23.875,13.1,18.566666666666666,18.5,38.15,7.2700000000000005,14.009999999999998,30.7,7.220000000000001,44.85,32.75,23.799999999999997,56.8,23.825,13.0,36.65,17.0,9.75,63.7,40.733333333333334,50.3,29.299999999999997,66.8,61.15,31.599999999999998,32.5,70.25,9.9,83.8,93.66666666666667,84.7,9.25,25.7,12.4,73.35,5.35,10.299999999999999,19.6,17.65,3.1,16.95,52.86666666666667
Wyoming,27.97,18.3,11.68,5.3999999999999995,26.8,17.35,27.2,57.2,23.95,30.450000000000003,12.525,75.8,58.2,63.349999999999994,24.700000000000003,31.299999999999997,39.15,72.7,7.475,35.56666666666666,31.7,12.4,21.5,6.6,9.075,5.833333333333333,32.6,20.45,19.475,13.85,36.45,32.4,26.125,67.775,92.43333333333334,21.75,12.15,16.400000000000002,33.1,41.55,7.9399999999999995,12.6,19.25,11.559999999999999,40.55,27.0,21.009999999999998,57.7,22.4,12.1,32.125,15.900000000000002,13.899999999999999,67.35,44.56666666666666,59.7,29.75,66.4,73.35,34.15,32.05,78.53,11.2,83.60000000000001,71.73333333333333,88.9,20.8,16.95,10.8,63.85,8.05,12.566666666666668,18.375,20.1,5.33,21.18,47.65
